{"Accuracy": 0.709323088577458, "F1_score": 0.6989464245684824, "Precision": 0.7078320090805902, "Recall": 0.690281160061988, "TN": 6873, "FP": 2574, "FN": 2798, "TP": 6236}