{"Accuracy": 0.7119744602564796, "F1_score": 0.7033714126497631, "Precision": 0.7082257883514756, "Recall": 0.6985831303962807, "TN": 6847, "FP": 2600, "FN": 2723, "TP": 6311}