{"Accuracy": 0.7204155619284671, "F1_score": 0.7113891526559795, "Precision": 0.7180065396324276, "Recall": 0.7048926278503431, "TN": 6946, "FP": 2501, "FN": 2666, "TP": 6368}