{"Accuracy": 0.6327038580163411, "F1_score": 0.6163671301005991, "Precision": 0.629676674364896, "Recall": 0.6036085897719725, "TN": 6240, "FP": 3207, "FN": 3581, "TP": 5453}