{"Accuracy": 0.7194415886586224, "F1_score": 0.7099625216758965, "Precision": 0.7176297636548683, "Recall": 0.7024573832189507, "TN": 6950, "FP": 2497, "FN": 2688, "TP": 6346}