{"Accuracy": 0.7190628212759049, "F1_score": 0.7103001897109698, "Precision": 0.7161341134113411, "Recall": 0.7045605490369714, "TN": 6924, "FP": 2523, "FN": 2669, "TP": 6365}