{"Accuracy": 0.7201991234240571, "F1_score": 0.7113269692402168, "Precision": 0.7175357585313662, "Recall": 0.7052247066637148, "TN": 6939, "FP": 2508, "FN": 2663, "TP": 6371}